-- phpMyAdmin SQL Dump
-- version 4.9.0.1
-- https://www.phpmyadmin.net/
--
-- Host: 127.0.0.1
-- Generation Time: Sep 04, 2025 at 01:00 PM
-- Server version: 10.4.6-MariaDB
-- PHP Version: 7.3.9

SET SQL_MODE = "NO_AUTO_VALUE_ON_ZERO";
SET AUTOCOMMIT = 0;
START TRANSACTION;
SET time_zone = "+00:00";


/*!40101 SET @OLD_CHARACTER_SET_CLIENT=@@CHARACTER_SET_CLIENT */;
/*!40101 SET @OLD_CHARACTER_SET_RESULTS=@@CHARACTER_SET_RESULTS */;
/*!40101 SET @OLD_COLLATION_CONNECTION=@@COLLATION_CONNECTION */;
/*!40101 SET NAMES utf8mb4 */;

--
-- Database: `team1`
--

-- --------------------------------------------------------

--
-- Table structure for table `kurssikirjautuminen`
--

DROP TABLE IF EXISTS `kurssikirjautuminen`;

CREATE TABLE `kurssikirjautuminen` (
  `Tunnus` int(11) NOT NULL,
  `Opiskelija` int(11) NOT NULL,
  `Kurssi` int(11) NOT NULL,
  `Kirjautumispaiva` date NOT NULL
) ENGINE=InnoDB DEFAULT CHARSET=utf8mb4;


--
-- Dumping data for table `kurssikirjautuminen`
--

INSERT INTO `kurssikirjautuminen` (`Tunnus`, `Opiskelija`, `Kurssi`, `Kirjautumispaiva`) VALUES
(1, 1, 1, '2025-01-15'),
(2, 1, 2, '2025-02-01'),
(3, 1, 4, '2025-04-03'),
(4, 1, 5, '2025-04-20'),

(5, 2, 1, '2025-01-16'),
(6, 2, 2, '2025-02-05'),
(7, 2, 3, '2025-02-12'),

(8, 3, 2, '2025-02-10'),
(9, 3, 3, '2025-03-05'),

(10, 4, 2, '2025-02-11'),
(11, 4, 5, '2025-05-01'),
(12, 4, 6, '2025-05-05'),

(13, 5, 3, '2025-03-10'),
(14, 5, 1, '2025-01-20'),
(15, 5, 6, '2025-03-22'),

(16, 6, 1, '2025-01-20'),
(17, 6, 2, '2025-01-25'),
(18, 6, 3, '2025-02-20'),
(19, 6, 5, '2025-03-10'),

(20, 7, 3, '2025-03-12'),
(21, 7, 4, '2025-04-01'),
(22, 7, 8, '2025-03-15'),
(23, 7, 2, '2025-04-10'),
(24, 7, 5, '2025-04-15'),
(25, 7, 6, '2025-04-20'),

(26, 8, 2, '2025-02-15'),

(27, 9, 1, '2025-01-22'),
(28, 9, 8, '2025-03-05'),
(29, 9, 5, '2025-03-25'),

(30, 10, 3, '2025-03-18'),

(31, 11, 2, '2025-02-20'),
(32, 11, 5, '2025-05-10'),

(33, 12, 1, '2025-01-25'),
(34, 12, 3, '2025-03-10'),
(35, 12, 4, '2025-03-15'),

(36, 13, 1, '2025-02-15'),
(37, 13, 2, '2025-02-20'),
(38, 13, 3, '2025-03-23'),

(39, 14, 2, '2025-02-25'),
(40, 14, 5, '2025-05-10'),

(41, 15, 1, '2025-01-30'),

(42, 16, 4, '2025-04-05'),
(43, 16, 6, '2025-03-20'),
(44, 16, 7, '2025-02-25'),

(45, 17, 3, '2025-03-10'),
(46, 17, 4, '2025-03-15'),
(47, 17, 5, '2025-05-10'),

(48, 18, 6, '2025-03-20'),

(49, 19, 7, '2025-02-25'),
(50, 19, 1, '2025-01-15'),

(51, 20, 8, '2025-03-05'),

(52, 21, 5, '2025-02-04'),
(53, 21, 2, '2025-02-09'),

(54, 22, 6, '2025-02-05'),
(55, 22, 3, '2025-02-20'),

(56, 23, 2, '2025-02-20'),
(57, 23, 3, '2025-02-22'),
(58, 23, 7, '2025-02-06'),

(59, 24, 3, '2025-02-25'),
(60, 24, 6, '2025-03-01'),
(61, 24, 8, '2025-02-07'),

(62, 25, 1, '2025-02-08'),
(63, 25, 3, '2025-03-10'),

(64, 26, 2, '2025-02-09'),
(65, 26, 3, '2025-02-15'),
(66, 26, 4, '2025-02-20'),

(67, 27, 2, '2025-02-18'),
(68, 27, 3, '2025-02-10'),
(69, 27, 5, '2025-02-25'),

(70, 28, 2, '2025-02-15'),
(71, 28, 3, '2025-02-18'),
(72, 28, 4, '2025-02-11'),

(73, 29, 3, '2025-02-20'),
(74, 29, 5, '2025-02-12'),
(75, 29, 6, '2025-02-25'),

(76, 30, 6, '2025-02-13'),
(77, 30, 3, '2025-03-10'),
(78, 30, 1, '2025-01-15'),

(79, 31, 1, '2025-02-14'),
(80, 31, 2, '2025-02-18'),
(81, 31, 7, '2025-02-14'),

(82, 32, 1, '2025-02-16'),
(83, 32, 4, '2025-02-22'),
(84, 32, 8, '2025-02-15'),

(85, 33, 1, '2025-02-16'),
(86, 33, 5, '2025-03-01'),

(87, 34, 1, '2025-02-20'),
(88, 34, 2, '2025-02-17'),
(89, 34, 3, '2025-02-25'),

(90, 35, 2, '2025-02-18'),
(91, 35, 3, '2025-02-18'),
(92, 35, 4, '2025-02-20'),

(93, 36, 3, '2025-02-21'),
(94, 36, 4, '2025-02-19'),
(95, 36, 5, '2025-02-26'),

(96, 37, 4, '2025-02-22'),
(97, 37, 5, '2025-02-20'),
(98, 37, 6, '2025-02-28'),

(99, 38, 2, '2025-02-23'),
(100, 38, 4, '2025-02-28'),

(101, 39, 7, '2025-02-22'),

(102, 40, 8, '2025-02-23'),

(103, 41, 1, '2025-02-24'),
(104, 41, 5, '2025-03-15'),

(105, 42, 2, '2025-02-25'),

(106, 43, 3, '2025-02-26'),

(107, 44, 4, '2025-02-27'),

(108, 45, 5, '2025-02-28'),

(109, 46, 1, '2025-03-12'),
(110, 46, 2, '2025-03-13'),

(111, 47, 3, '2025-03-14'),

(112, 48, 4, '2025-03-15'),
(113, 48, 7, '2025-03-15'),

(114, 49, 5, '2025-03-16'),

(115, 50, 7, '2025-03-18'),
(116, 50, 1, '2025-03-19'),
(117, 50, 2, '2025-03-20'),
(118, 50, 8, '2025-03-21'),
(119, 50, 4, '2025-03-22'),
(120, 50, 6, '2025-03-17'),

(121, 51, 1, '2025-01-18'),
(122, 51, 3, '2025-02-05'),
(123, 51, 5, '2025-03-10'),

(124, 52, 2, '2025-01-20'),
(125, 52, 4, '2025-02-10'),
(126, 52, 6, '2025-03-12'),

(127, 53, 1, '2025-01-22'),
(128, 53, 5, '2025-02-15'),
(129, 53, 7, '2025-03-15'),

(130, 54, 13, '2025-03-13'),
(131, 54, 1, '2025-05-11'),

(132, 55, 20, '2025-04-11'),
(133, 55, 8, '2025-03-24'),
(134, 55, 13, '2025-04-27'),
(135, 55, 12, '2025-02-01'),
(136, 55, 6, '2025-02-24'),
(137, 55, 15, '2025-01-24'),

(138, 56, 14, '2025-03-29'),
(139, 56, 8, '2025-03-26'),

(140, 57, 8, '2025-01-30'),
(141, 57, 1, '2025-05-08'),
(142, 57, 10, '2025-03-10'),
(143, 57, 14, '2025-05-30'),

(144, 58, 17, '2025-04-22'),
(145, 58, 4, '2025-04-01'),
(146, 58, 3, '2025-05-22'),
(147, 58, 11, '2025-02-03'),
(148, 58, 13, '2025-04-27'),
(149, 58, 18, '2025-01-28'),

(150, 59, 8, '2025-01-19'),
(151, 59, 12, '2025-01-27'),
(152, 59, 18, '2025-02-09'),
(153, 59, 11, '2025-02-11'),
(154, 59, 2, '2025-02-12'),

(155, 60, 13, '2025-04-15'),
(156, 60, 8, '2025-05-11'),

(157, 61, 2, '2025-03-13'),
(158, 61, 5, '2025-02-01'),

(159, 62, 6, '2025-02-28'),
(160, 62, 8, '2025-05-07'),

(161, 63, 13, '2025-05-23'),
(162, 63, 18, '2025-05-15'),
(163, 63, 11, '2025-02-12'),
(164, 63, 15, '2025-01-22'),
(165, 63, 19, '2025-04-11'),

(166, 64, 11, '2025-03-11'),
(167, 64, 4, '2025-01-21'),
(168, 64, 8, '2025-02-04'),
(169, 64, 20, '2025-03-06'),
(170, 64, 15, '2025-02-06'),

(171, 65, 14, '2025-03-08'),
(172, 65, 6, '2025-05-14'),

(173, 66, 18, '2025-01-15'),
(174, 66, 19, '2025-01-24'),
(175, 66, 1, '2025-02-16'),
(176, 66, 10, '2025-05-28'),
(177, 66, 17, '2025-03-09'),

(178, 67, 9, '2025-04-03'),
(179, 67, 16, '2025-03-15'),
(180, 67, 14, '2025-03-05'),
(181, 67, 2, '2025-05-16'),

(182, 68, 11, '2025-03-20'),
(183, 68, 15, '2025-01-29'),
(184, 68, 9, '2025-05-10'),
(185, 68, 6, '2025-04-17'),
(186, 68, 19, '2025-03-01'),
(187, 68, 4, '2025-01-15'),

(188, 69, 8, '2025-05-12'),
(189, 69, 11, '2025-05-28'),

(190, 70, 1, '2025-02-19'),
(191, 70, 15, '2025-05-31'),
(192, 70, 17, '2025-04-24'),

(193, 71, 15, '2025-03-24'),
(194, 71, 12, '2025-02-09'),
(195, 71, 3, '2025-05-24'),
(196, 71, 13, '2025-05-17'),
(197, 71, 20, '2025-04-04'),

(198, 72, 5, '2025-04-12'),
(199, 72, 20, '2025-01-28'),
(200, 72, 13, '2025-03-02'),

(201, 73, 6, '2025-03-17'),
(202, 73, 20, '2025-05-10'),
(203, 73, 7, '2025-05-29'),
(204, 73, 3, '2025-02-08'),

(205, 74, 18, '2025-01-23'),
(206, 74, 13, '2025-04-24'),

(207, 75, 8, '2025-01-20'),
(208, 75, 5, '2025-04-23'),
(209, 75, 7, '2025-03-23'),

(210, 76, 18, '2025-05-28'),
(211, 76, 16, '2025-02-27'),
(212, 76, 1, '2025-04-02'),

(213, 77, 19, '2025-05-03'),
(214, 77, 10, '2025-04-16'),
(215, 77, 6, '2025-01-31'),
(216, 77, 8, '2025-04-26'),
(217, 77, 11, '2025-04-05'),
(218, 77, 9, '2025-02-11'),

(219, 78, 20, '2025-02-08'),
(220, 78, 15, '2025-04-23'),
(221, 78, 16, '2025-05-26'),
(222, 78, 8, '2025-03-24'),
(223, 78, 11, '2025-01-24'),

(224, 79, 4, '2025-03-16'),
(225, 79, 5, '2025-04-25'),
(226, 79, 7, '2025-01-31'),
(227, 79, 11, '2025-03-08'),

(228, 80, 4, '2025-01-22'),
(229, 80, 16, '2025-04-12'),
(230, 80, 8, '2025-04-30'),

(231, 81, 13, '2025-05-15'),
(232, 81, 20, '2025-03-06'),
(233, 81, 9, '2025-04-19'),
(234, 81, 11, '2025-04-11'),

(235, 82, 4, '2025-05-03'),
(236, 82, 2, '2025-04-28'),

(237, 83, 8, '2025-05-15'),
(238, 83, 2, '2025-02-24'),
(239, 83, 10, '2025-05-05'),
(240, 83, 3, '2025-05-14'),
(241, 83, 11, '2025-05-16'),

(242, 84, 1, '2025-02-05'),
(243, 84, 10, '2025-04-16'),
(244, 84, 11, '2025-01-29'),
(245, 84, 16, '2025-04-07'),

(246, 85, 18, '2025-02-16'),
(247, 85, 1, '2025-03-23'),
(248, 85, 17, '2025-03-02'),

(249, 86, 8, '2025-01-23'),
(250, 86, 19, '2025-01-20'),
(251, 86, 12, '2025-04-29'),
(252, 86, 17, '2025-02-28'),
(253, 86, 5, '2025-05-15'),
(254, 86, 13, '2025-03-08'),

(255, 87, 13, '2025-05-28'),
(256, 87, 16, '2025-04-20'),
(257, 87, 19, '2025-04-11'),

(258, 88, 15, '2025-02-25'),
(259, 88, 10, '2025-03-20'),
(260, 88, 8, '2025-02-21'),
(261, 88, 6, '2025-02-24'),
(262, 88, 3, '2025-04-23'),

(263, 89, 13, '2025-03-21'),
(264, 89, 19, '2025-02-08'),
(265, 89, 8, '2025-04-01'),

(266, 90, 8, '2025-01-19'),
(267, 90, 6, '2025-04-08'),
(268, 90, 16, '2025-02-06'),
(269, 90, 17, '2025-05-10'),
(270, 90, 10, '2025-02-24'),

(271, 91, 2, '2025-02-27'),
(272, 91, 16, '2025-04-26'),
(273, 91, 18, '2025-02-22'),
(274, 91, 13, '2025-04-21'),
(275, 91, 10, '2025-05-30'),

(276, 92, 10, '2025-01-28'),
(277, 92, 15, '2025-02-05'),

(278, 93, 16, '2025-05-26'),
(279, 93, 10, '2025-01-17'),
(280, 93, 1, '2025-03-13'),
(281, 93, 13, '2025-02-07'),
(282, 93, 3, '2025-01-29'),
(283, 93, 6, '2025-04-12'),

(284, 94, 9, '2025-03-20'),
(285, 94, 14, '2025-04-05'),
(286, 94, 6, '2025-04-27'),
(287, 94, 3, '2025-03-25'),
(288, 94, 4, '2025-03-21'),
(289, 94, 7, '2025-01-23'),

(290, 95, 17, '2025-04-29'),
(291, 95, 3, '2025-01-16'),
(292, 95, 14, '2025-04-25'),
(293, 95, 8, '2025-04-25'),

(294, 96, 8, '2025-05-31'),
(295, 96, 4, '2025-04-22'),
(296, 96, 13, '2025-02-01'),
(297, 96, 12, '2025-02-03'),

(298, 97, 17, '2025-02-20'),
(299, 97, 15, '2025-05-22'),
(300, 97, 13, '2025-03-25'),
(301, 97, 10, '2025-03-06'),
(302, 97, 9, '2025-05-18'),

(303, 98, 15, '2025-02-07'),
(304, 98, 4, '2025-01-25'),
(305, 98, 12, '2025-01-19'),
(306, 98, 7, '2025-04-06'),
(307, 98, 14, '2025-02-26'),

(308, 99, 14, '2025-04-26'),
(309, 99, 2, '2025-04-24'),
(310, 99, 4, '2025-05-27'),
(311, 99, 1, '2025-03-25'),

(312, 100, 16, '2025-05-25'),
(313, 100, 17, '2025-04-04'),

(314, 101, 17, '2025-04-16'),
(315, 101, 8, '2025-01-31'),

(316, 102, 4, '2025-05-29'),
(317, 102, 10, '2025-03-04'),

(318, 103, 5, '2025-05-25'),
(319, 103, 19, '2025-05-22'),
(320, 103, 6, '2025-05-17'),
(321, 103, 11, '2025-04-28'),
(322, 103, 4, '2025-02-27'),
(323, 103, 10, '2025-01-17'),

(324, 104, 16, '2025-03-28'),
(325, 104, 9, '2025-05-13'),
(326, 104, 15, '2025-01-25'),
(327, 104, 2, '2025-04-15'),
(328, 104, 13, '2025-03-02'),
(329, 104, 14, '2025-01-31'),

(330, 105, 4, '2025-05-10'),
(331, 105, 1, '2025-01-18'),
(332, 105, 10, '2025-03-01'),
(333, 105, 2, '2025-05-17'),
(334, 105, 18, '2025-03-26'),

(335, 106, 4, '2025-02-18'),
(336, 106, 17, '2025-03-03'),
(337, 106, 14, '2025-04-09'),

(338, 107, 16, '2025-03-12'),
(339, 107, 9, '2025-03-03'),
(340, 107, 2, '2025-05-19'),
(341, 107, 12, '2025-02-02'),
(342, 107, 10, '2025-05-13'),

(343, 108, 9, '2025-02-23'),
(344, 108, 17, '2025-04-15'),
(345, 108, 4, '2025-01-18'),
(346, 108, 10, '2025-04-12'),
(347, 108, 19, '2025-05-27'),

(348, 109, 11, '2025-05-16'),
(349, 109, 4, '2025-02-21'),

(350, 110, 7, '2025-04-25'),
(351, 110, 2, '2025-05-02'),
(352, 110, 6, '2025-04-29'),
(353, 110, 12, '2025-04-07'),
(354, 110, 3, '2025-03-27'),

(355, 111, 17, '2025-03-01'),
(356, 111, 15, '2025-05-24'),
(357, 111, 19, '2025-05-15'),
(358, 111, 2, '2025-03-28'),

(359, 112, 7, '2025-04-14'),
(360, 112, 10, '2025-05-23'),
(361, 112, 6, '2025-05-26'),
(362, 112, 20, '2025-01-16'),

(363, 113, 17, '2025-04-14'),
(364, 113, 12, '2025-01-29'),
(365, 113, 9, '2025-04-29'),
(366, 113, 19, '2025-01-20'),

(367, 114, 20, '2025-01-15'),
(368, 114, 3, '2025-02-13'),
(369, 114, 19, '2025-02-02'),
(370, 114, 14, '2025-03-02'),

(371, 115, 17, '2025-03-04'),
(372, 115, 8, '2025-03-20'),
(373, 115, 14, '2025-03-09'),

(374, 116, 6, '2025-03-03'),
(375, 116, 16, '2025-03-26'),

(376, 117, 19, '2025-04-01'),
(377, 117, 8, '2025-03-22'),

(378, 118, 13, '2025-04-12'),
(379, 118, 20, '2025-04-03'),
(380, 118, 8, '2025-02-24'),

(381, 119, 3, '2025-05-29'),
(382, 119, 20, '2025-03-17'),

(383, 120, 4, '2025-05-17'),
(384, 120, 19, '2025-05-27'),
(385, 120, 7, '2025-02-12'),
(386, 120, 13, '2025-04-06'),
(387, 120, 11, '2025-05-27'),

(388, 121, 14, '2025-01-28'),
(389, 121, 18, '2025-04-26'),
(390, 121, 9, '2025-03-31'),

(391, 122, 11, '2025-05-05'),
(392, 122, 19, '2025-04-08'),

(393, 123, 5, '2025-02-25'),
(394, 123, 15, '2025-03-15'),
(395, 123, 7, '2025-05-09'),
(396, 123, 9, '2025-03-29'),
(397, 123, 18, '2025-02-23'),

(398, 124, 10, '2025-05-07'),
(399, 124, 2, '2025-05-04'),

(400, 125, 15, '2025-03-12'),
(401, 125, 19, '2025-02-19'),
(402, 125, 10, '2025-05-29'),

(403, 126, 7, '2025-04-16'),
(404, 126, 10, '2025-03-17'),
(405, 126, 12, '2025-02-08'),
(406, 126, 17, '2025-02-25'),
(407, 126, 20, '2025-04-09'),

(408, 127, 3, '2025-02-06'),
(409, 127, 6, '2025-03-27'),
(410, 127, 14, '2025-04-10'),
(411, 127, 8, '2025-01-15'),

(412, 128, 4, '2025-05-20'),
(413, 128, 10, '2025-05-31'),
(414, 128, 6, '2025-05-02'),
(415, 128, 2, '2025-05-17'),

(416, 129, 15, '2025-05-05'),
(417, 129, 7, '2025-03-24'),

(418, 130, 8, '2025-05-26'),
(419, 130, 20, '2025-01-25'),
(420, 130, 16, '2025-04-18'),
(421, 130, 4, '2025-05-28'),
(422, 130, 18, '2025-02-17'),

(423, 131, 10, '2025-04-13'),
(424, 131, 7, '2025-02-11'),

(425, 132, 10, '2025-01-21'),
(426, 132, 12, '2025-04-28'),
(427, 132, 20, '2025-02-03'),
(428, 132, 14, '2025-02-14'),

(429, 133, 1, '2025-01-26'),
(430, 133, 3, '2025-04-21'),
(431, 133, 8, '2025-04-20'),

(432, 134, 19, '2025-02-13'),
(433, 134, 15, '2025-01-19'),
(434, 134, 5, '2025-03-16'),
(435, 134, 6, '2025-05-16'),

(436, 135, 1, '2025-01-30'),
(437, 135, 9, '2025-01-24'),

(438, 136, 16, '2025-02-22'),
(439, 136, 20, '2025-01-18'),
(440, 136, 11, '2025-02-16'),
(441, 136, 8, '2025-01-27'),
(442, 136, 12, '2025-02-03'),
(443, 136, 14, '2025-05-30'),

(444, 137, 11, '2025-05-24'),
(445, 137, 1, '2025-04-17'),

(446, 138, 8, '2025-02-16'),
(447, 138, 1, '2025-01-21'),
(448, 138, 19, '2025-01-27'),
(449, 138, 2, '2025-03-02'),

(450, 139, 17, '2025-05-04'),
(451, 139, 5, '2025-05-31'),
(452, 139, 11, '2025-03-26'),
(453, 139, 16, '2025-01-21'),
(454, 139, 9, '2025-04-18'),
(455, 139, 8, '2025-05-27'),

(456, 140, 3, '2025-05-06'),
(457, 140, 2, '2025-02-19'),
(458, 140, 4, '2025-02-01'),
(459, 140, 11, '2025-02-17'),
(460, 140, 17, '2025-03-08'),

(461, 141, 11, '2025-03-10'),
(462, 141, 19, '2025-03-24'),
(463, 141, 4, '2025-05-13'),
(464, 141, 9, '2025-04-24'),
(465, 141, 3, '2025-02-14'),
(466, 141, 20, '2025-05-21'),

(467, 142, 20, '2025-02-09'),
(468, 142, 16, '2025-05-20'),

(469, 143, 8, '2025-04-23'),
(470, 143, 13, '2025-04-25'),
(471, 143, 9, '2025-02-24'),
(472, 143, 10, '2025-02-02'),

(473, 144, 16, '2025-05-31'),
(474, 144, 3, '2025-01-25'),
(475, 144, 6, '2025-01-15'),
(476, 144, 11, '2025-04-12'),

(477, 145, 16, '2025-03-07'),
(478, 145, 2, '2025-03-01'),

(479, 146, 12, '2025-01-21'),
(480, 146, 18, '2025-05-29'),
(481, 146, 8, '2025-02-23'),
(482, 146, 5, '2025-02-09'),

(483, 147, 20, '2025-03-25'),
(484, 147, 8, '2025-05-29'),

(485, 148, 17, '2025-03-05'),
(486, 148, 18, '2025-05-06'),
(487, 148, 10, '2025-01-22'),
(488, 148, 2, '2025-02-08'),
(489, 148, 16, '2025-03-03'),

(490, 149, 11, '2025-05-26'),
(491, 149, 6, '2025-04-21'),
(492, 149, 18, '2025-05-26'),

(493, 150, 5, '2025-05-09'),
(494, 150, 15, '2025-03-03'),
(495, 150, 14, '2025-05-03'),
(496, 150, 17, '2025-02-05'),
(497, 150, 4, '2025-05-13');

-- --------------------------------------------------------

--
-- Table structure for table `kurssit`
--

DROP TABLE IF EXISTS `kurssit`;

CREATE TABLE `kurssit` (
  `Tunnus` int(11) NOT NULL,
  `Nimi` varchar(30) NOT NULL,
  `Kuvaus` text NOT NULL,
  `Alkupaiva` date NOT NULL,
  `Loppupaiva` date NOT NULL,
  `Opettaja` int(11) NOT NULL,
  `Tila` int(11) NOT NULL
) ENGINE=InnoDB DEFAULT CHARSET=utf8mb4;


--
-- Dumping data for table `kurssit`
--

INSERT INTO `kurssit` (`Tunnus`, `Nimi`, `Kuvaus`, `Alkupaiva`, `Loppupaiva`, `Opettaja`, `Tila`) VALUES
(1, 'Matematiikka', 'Perus matematiikkaa', '2025-01-10', '2025-05-30', 1, 1),
(2, 'Pitkä Matematiikka', 'Edistynyt matematiikka', '2025-06-01', '2025-09-30', 8, 2),

(3, 'Fysiikka', 'Perus fysiikkaa', '2025-02-01', '2025-06-15', 2, 3),
(4, 'Kvanttifysiikka', 'Fysiikan jatkokurssi', '2025-07-01', '2025-10-15', 2, 4),

(5, 'Historia', 'Suomen historiaa', '2025-03-05', '2025-07-01', 3, 5),
(6, 'Maailman historia', 'Historiaa maailman laajuisesti', '2025-08-01', '2025-12-01', 3, 6),

(7, 'Englanti', 'Perus englannin kurssi', '2025-04-01', '2025-08-15', 4, 7),
(8, 'Englannin kieli ja kirjallisuus', 'Edistynyt englanti', '2025-09-01', '2025-12-15', 4, 8),

(9, 'Kemia', 'Perus kemian kurssi', '2025-05-01', '2025-09-01', 5, 9),
(10, 'Orgaaninen kemia', 'Kemian jatkokurssi', '2025-09-10', '2026-01-15', 5, 11),

(11, 'Äidinkieli', 'Suomen kieli ja kirjallisuus', '2025-03-15', '2025-07-15', 6, 12),
(12, 'Kirjallisuus', 'Suomalainen kirjallisuus', '2025-08-01', '2025-11-30', 6, 13),

(13, 'Uskonto', 'Uskonnon perusteet', '2025-02-20', '2025-06-20', 7, 14),
(14, 'Etiikka', 'Etiikan perusteet', '2025-07-01', '2025-10-01', 7, 15),

(15, 'Liikunta', 'Liikunnan perusteet', '2025-03-01', '2025-07-01', 9, 10),

(16, 'Kuvataide', 'Valmennuskurssi', '2025-07-15', '2025-11-15', 10, 16),
(17, 'Käsityöt', 'Valmennuskurssi', '2025-07-15', '2025-11-15', 10, 19),

(18, 'Tietojenkäsittelyn perusteet', 'Perusteet tietojenkäsittelystä', '2025-01-15', '2025-06-01', 1, 17),
(19, 'Ohjelmoinnin perusteet', 'Python-ohjelmoinnin alkeet', '2025-02-01', '2025-06-30', 1, 18),

(20, 'Verkko- ja tietoturva', 'Tietoverkkojen turvallisuus', '2025-03-01', '2025-07-15', 9, 20);


-- --------------------------------------------------------

--
-- Table structure for table `opettajat`
--
DROP TABLE IF EXISTS `opettajat`;

CREATE TABLE `opettajat` (
  `Tunnusnumero` int(11) NOT NULL,
  `Etunimi` varchar(30) NOT NULL,
  `Sukunimi` varchar(30) NOT NULL,
  `Aine` varchar(30) NOT NULL
) ENGINE=InnoDB DEFAULT CHARSET=utf8mb4;


--
-- Dumping data for table `opettajat`
--

INSERT INTO `opettajat` (`Tunnusnumero`, `Etunimi`, `Sukunimi`, `Aine`) VALUES
(1, 'Tommi', 'Mäkeläinen', 'Matematiikka, Tietojenkäsittely, Ohjelmointi'),
(2, 'Jaakko', 'Siltanen', 'Fysiikka'),
(3, 'Tiia', 'Savu', 'Historia'),
(4, 'Matti', 'Vuori', 'Englanti'),
(5, 'Liisa', 'Leivo', 'Kemia'),
(6, 'Tuomas', 'Lohi', 'Äidinkieli'),
(7, 'Eemeli', 'Käpy', 'Uskonto'),
(8, 'Janette', 'Tamminen', 'Matematiikka'),
(9, 'Roope', 'Tapiola', 'Liikunta, Tietoturva'),
(10, 'Eerika', 'Lahti', 'Kuvataide, Käsityöt');

-- --------------------------------------------------------

--
-- Table structure for table `opiskelijat`
--
DROP TABLE IF EXISTS `opiskelijat`;

CREATE TABLE `opiskelijat` (
  `Opiskelijanumero` int(11) NOT NULL,
  `Etunimi` varchar(20) NOT NULL,
  `Sukunimi` varchar(20) NOT NULL,
  `Syntymapaiva` date NOT NULL,
  `Vuosikurssi` int(11) NOT NULL
) ENGINE=InnoDB DEFAULT CHARSET=utf8mb4;


--
-- Dumping data for table `opiskelijat`
--

INSERT INTO `opiskelijat` (`Opiskelijanumero`, `Etunimi`, `Sukunimi`, `Syntymapaiva`, `Vuosikurssi`) VALUES
(1, 'Anna', 'Virtanen', '2003-05-12', 2),
(2, 'Pekka', 'Korhonen', '2002-11-30', 3),
(3, 'Mikko', 'Nieminen', '2004-03-22', 1),
(4, 'Laura', 'Mäkinen', '2003-07-14', 2),
(5, 'Juha', 'Lahtinen', '2002-09-01', 3),
(6, 'Sanna', 'Heikkinen', '2004-11-09', 1),
(7, 'Teemu', 'Salmi', '2003-01-17', 2),
(8, 'Kaisa', 'Hämäläinen', '2002-06-05', 3),
(9, 'Janne', 'Lehtonen', '2004-12-21', 1),
(10, 'Mari', 'Koskinen', '2003-10-10', 2),
(11, 'Antti', 'Saarinen', '2002-04-08', 3),
(12, 'Heidi', 'Karjalainen', '2004-08-30', 1),
(13, 'Jari', 'Ahonen', '2003-06-18', 2),
(14, 'Eveliina', 'Ojala', '2002-03-25', 3),
(15, 'Petri', 'Rantanen', '2004-10-03', 1),
(16, 'Riikka', 'Leino', '2003-09-07', 2),
(17, 'Tommi', 'Kallio', '2002-01-29', 3),
(18, 'Noora', 'Turunen', '2004-06-16', 1),
(19, 'Ville', 'Hirvonen', '2003-12-11', 2),
(20, 'Jenni', 'Peltola', '2002-02-18', 3),
(21, 'Timo', 'Laitinen', '2004-05-04', 1),
(22, 'Emilia', 'Tuominen', '2003-08-23', 2),
(23, 'Marko', 'Savolainen', '2002-12-02', 3),
(24, 'Katja', 'Holopainen', '2004-07-27', 1),
(25, 'Sami', 'Väisänen', '2003-02-15', 2),
(26, 'Anni', 'Räsänen', '2002-05-26', 3),
(27, 'Lauri', 'Koivisto', '2004-09-12', 1),
(28, 'Elina', 'Järvinen', '2003-04-29', 2),
(29, 'Jukka', 'Eskelinen', '2002-08-16', 3),
(30, 'Minna', 'Hakala', '2004-01-10', 1),
(31, 'Olli', 'Manninen', '2003-11-04', 2),
(32, 'Sari', 'Seppälä', '2002-10-28', 3),
(33, 'Harri', 'Niskanen', '2004-03-03', 1),
(34, 'Marja', 'Luoma', '2003-07-19', 2),
(35, 'Eero', 'Räisänen', '2002-06-22', 3),
(36, 'Inka', 'Toivonen', '2004-11-15', 1),
(37, 'Kristian', 'Kärkkäinen', '2003-01-25', 2),
(38, 'Tuula', 'Mikkola', '2002-03-09', 3),
(39, 'Niilo', 'Suominen', '2004-10-30', 1),
(40, 'Heli', 'Kujala', '2003-09-16', 2),
(41, 'Risto', 'Koponen', '2002-01-12', 3),
(42, 'Paula', 'Hänninen', '2004-06-08', 1),
(43, 'Matti', 'Pulli', '2003-12-27', 2),
(44, 'Liisa', 'Kurki', '2002-04-13', 3),
(45, 'Arto', 'Alanen', '2004-05-20', 1),
(46, 'Henna', 'Immonen', '2003-08-08', 2),
(47, 'Reijo', 'Kaartinen', '2002-11-05', 3),
(48, 'Outi', 'Hartikainen', '2004-02-11', 1),
(49, 'Kalle', 'Vainio', '2003-06-01', 2),
(50, 'Tiina', 'Lilja', '2002-07-14', 3),
(51, 'Mira', 'Salonen', '2003-02-14', 1),
(52, 'Aleksi', 'Mäntylä', '2002-11-20', 2),
(53, 'Joonas', 'Koistinen', '2004-05-18', 3),
(54, 'Essi', 'Koskela', '2003-07-22', 1),
(55, 'Jere', 'Aalto', '2002-03-09', 2),
(56, 'Veera', 'Pohjola', '2004-10-30', 3),
(57, 'Markus', 'Haavisto', '2003-04-25', 1),
(58, 'Elisa', 'Lappalainen', '2002-09-16', 2),
(59, 'Tuomas', 'Hiltunen', '2004-01-08', 3),
(60, 'Iida', 'Koivu', '2003-06-19', 1),
(61, 'Oliver', 'Johnson', '2002-08-23', 2),
(62, 'Emma', 'Smith', '2004-09-11', 3),
(63, 'Saku', 'Räsänen', '2003-03-04', 1),
(64, 'Noora', 'Leppänen', '2002-05-21', 2),
(65, 'Daniel', 'Brown', '2004-12-01', 3),
(66, 'Anniina', 'Korpi', '2003-01-29', 1),
(67, 'Matti', 'Peltonen', '2002-02-18', 2),
(68, 'Sofia', 'Koskinen', '2004-06-12', 3),
(69, 'Elias', 'Virtanen', '2003-09-28', 1),
(70, 'Lucas', 'Anderson', '2002-07-14', 2),
(71, 'Laura', 'Grönroos', '2004-02-17', 3),
(72, 'Henry', 'Walker', '2003-08-05', 1),
(73, 'Katri', 'Mattila', '2002-04-27', 2),
(74, 'Ville', 'Saari', '2004-03-22', 3),
(75, 'Emily', 'Taylor', '2003-12-15', 1),
(76, 'Antti', 'Voutilainen', '2002-06-30', 2),
(77, 'Hanna', 'Laine', '2004-09-07', 3),
(78, 'Mikko', 'Ojala', '2003-11-19', 1),
(79, 'Ella', 'Howard', '2002-05-08', 2),
(80, 'Aaron', 'White', '2004-10-23', 3),
(81, 'Sanni', 'Miettinen', '2003-01-13', 1),
(82, 'Petra', 'Kinnunen', '2002-12-04', 2),
(83, 'James', 'Evans', '2004-08-16', 3),
(84, 'Aleksanteri', 'Niemi', '2003-02-26', 1),
(85, 'Johanna', 'Rantala', '2002-07-21', 2),
(86, 'Nathan', 'King', '2004-11-29', 3),
(87, 'Oona', 'Seppänen', '2003-04-06', 1),
(88, 'Henrik', 'Leino', '2002-01-30', 2),
(89, 'Sanna', 'Baker', '2004-03-09', 3),
(90, 'Benjamin', 'Miller', '2003-10-28', 1),
(91, 'Annika', 'Vesala', '2002-02-22', 2),
(92, 'Lauri', 'Holm', '2004-07-13', 3),
(93, 'Sofia', 'Hakala', '2003-09-02', 1),
(94, 'Lucas', 'Wilson', '2002-08-18', 2),
(95, 'Aada', 'Mustonen', '2004-05-03', 3),
(96, 'Niklas', 'Korhonen', '2003-03-15', 1),
(97, 'Heli', 'Paananen', '2002-10-09', 2),
(98, 'Tyler', 'Scott', '2004-01-22', 3),
(99, 'Milla', 'Vuorinen', '2003-07-14', 1),
(100, 'Julius', 'Savela', '2002-04-05', 2),
(101, 'Grace', 'Moore', '2004-02-19', 3),
(102, 'Elina', 'Partanen', '2003-11-27', 1),
(103, 'Aleksi', 'Aaltonen', '2002-03-17', 2),
(104, 'Oliver', 'Green', '2004-06-09', 3),
(105, 'Matilda', 'Karvonen', '2003-12-31', 1),
(106, 'Jonathan', 'Wright', '2002-09-06', 2),
(107, 'Katariina', 'Soini', '2004-08-14', 3),
(108, 'Liam', 'Roberts', '2003-01-09', 1),
(109, 'Venla', 'Mikkonen', '2002-06-24', 2),
(110, 'Samuel', 'Hall', '2004-05-29', 3),
(111, 'Kalle', 'Nurmi', '2003-10-01', 1),
(112, 'Isla', 'Carter', '2002-07-16', 2),
(113, 'Noel', 'Ahola', '2004-03-11', 3),
(114, 'Linnea', 'Pakkanen', '2003-02-08', 1),
(115, 'Max', 'Edwards', '2002-12-12', 2),
(116, 'Jasmin', 'Koivula', '2004-09-25', 3),
(117, 'Eetu', 'Sundqvist', '2003-05-18', 1),
(118, 'Melissa', 'Harrison', '2002-11-28', 2),
(119, 'Juho', 'Leppälä', '2004-07-07', 3),
(120, 'Amanda', 'Clark', '2003-06-16', 1),
(121, 'Aleksi', 'Ruuska', '2002-01-19', 2),
(122, 'Nelli', 'Heinonen', '2004-10-02', 3),
(123, 'Christopher', 'Lewis', '2003-03-26', 1),
(124, 'Marika', 'Sevon', '2002-05-11', 2),
(125, 'Elias', 'Hartikainen', '2004-11-03', 3),
(126, 'Olivia', 'Turner', '2003-09-15', 1),
(127, 'Topias', 'Korpela', '2002-08-01', 2),
(128, 'Rebecca', 'Walker', '2004-02-28', 3),
(129, 'Santeri', 'Jokinen', '2003-12-05', 1),
(130, 'Megan', 'Phillips', '2002-04-22', 2),
(131, 'Juha', 'Aarnio', '2004-06-15', 3),
(132, 'Ella', 'Marttila', '2003-02-03', 1),
(133, 'Adam', 'Campbell', '2002-07-20', 2),
(134, 'Veikko', 'Laurila', '2004-09-14', 3),
(135, 'Sara', 'Pietilä', '2003-05-09', 1),
(136, 'Logan', 'Hughes', '2002-06-27', 2),
(137, 'Jenna', 'Kyllönen', '2004-08-04', 3),
(138, 'Aapo', 'Rissanen', '2003-10-22', 1),
(139, 'Benjamin', 'Foster', '2002-02-16', 2),
(140, 'Noora', 'Lampinen', '2004-04-12', 3),
(141, 'Hugo', 'Salmi', '2003-09-30', 1),
(142, 'Chloe', 'Mitchell', '2002-11-10', 2),
(143, 'Kristiina', 'Leppä', '2004-01-06', 3),
(144, 'Matias', 'Halonen', '2003-07-25', 1),
(145, 'Tyler', 'Bennett', '2002-09-13', 2),
(146, 'Pauliina', 'Järvelä', '2004-05-27', 3),
(147, 'Henry', 'Martikainen', '2003-04-21', 1),
(148, 'Lotta', 'Korpinen', '2002-03-18', 2),
(149, 'Aiden', 'Parker', '2004-10-17', 3),
(150, 'Sini', 'Vuorela', '2003-12-05', 1);

-- --------------------------------------------------------

--
-- Table structure for table `tilat`
--
DROP TABLE IF EXISTS `tilat`;

CREATE TABLE `tilat` (
  `Tunnus` int(11) NOT NULL,
  `Nimi` varchar(30) NOT NULL,
  `Kapasiteetti` int(11) NOT NULL
) ENGINE=InnoDB DEFAULT CHARSET=utf8mb4;


--
-- Dumping data for table `tilat`
--

INSERT INTO `tilat` (`Tunnus`, `Nimi`, `Kapasiteetti`) VALUES
(1, 'Luokka C100', 25),
(2, 'Luokka A301', 25),
(3, 'Luokka A302', 25),
(4, 'Luokka H100', 25),
(5, 'Luokka H101', 25),
(6, 'Luokka A209', 25),
(7, 'Luokka A224', 25),
(8, 'Luokka A241', 25),
(9, 'Luokka A338', 20),
(10, 'Liikuntasali', 60),
(11, 'Luokka A238', 30),
(12, 'Luokka A201', 30),
(13, 'Luokka A202', 30),
(14, 'Luokka A108', 30),
(15, 'Luokka A105', 30),
(16, 'Luokka B101', 40),
(17, 'Luokka B102', 30),
(18, 'Luokka C200', 30),
(19, 'Luokka C201', 40),
(20, 'Luokka D100', 40);

--
-- Indexes for dumped tables
--

--
-- Indexes for table `kurssikirjautuminen`
--
ALTER TABLE `kurssikirjautuminen`
  ADD PRIMARY KEY (`Tunnus`),
  ADD KEY `fk_opiskelija` (`Opiskelija`),
  ADD KEY `fk_kurssi` (`Kurssi`);

--
-- Indexes for table `kurssit`
--
ALTER TABLE `kurssit`
  ADD PRIMARY KEY (`Tunnus`),
  ADD KEY `fk_opettaja` (`Opettaja`),
  ADD KEY `fk_tila` (`Tila`);

--
-- Indexes for table `opettajat`
--
ALTER TABLE `opettajat`
  ADD PRIMARY KEY (`Tunnusnumero`);

--
-- Indexes for table `opiskelijat`
--
ALTER TABLE `opiskelijat`
  ADD PRIMARY KEY (`Opiskelijanumero`);

--
-- Indexes for table `tilat`
--
ALTER TABLE `tilat`
  ADD PRIMARY KEY (`Tunnus`);

--
-- AUTO_INCREMENT for dumped tables
--

--
-- AUTO_INCREMENT for table `kurssikirjautuminen`
--
ALTER TABLE `kurssikirjautuminen`
  MODIFY `Tunnus` int(11) NOT NULL AUTO_INCREMENT, AUTO_INCREMENT=41;

--
-- AUTO_INCREMENT for table `kurssit`
--
ALTER TABLE `kurssit`
  MODIFY `Tunnus` int(11) NOT NULL AUTO_INCREMENT, AUTO_INCREMENT=9;

--
-- AUTO_INCREMENT for table `opettajat`
--
ALTER TABLE `opettajat`
  MODIFY `Tunnusnumero` int(11) NOT NULL AUTO_INCREMENT, AUTO_INCREMENT=11;

--
-- AUTO_INCREMENT for table `opiskelijat`
--
ALTER TABLE `opiskelijat`
  MODIFY `Opiskelijanumero` int(11) NOT NULL AUTO_INCREMENT, AUTO_INCREMENT=1051;

--
-- AUTO_INCREMENT for table `tilat`
--
ALTER TABLE `tilat`
  MODIFY `Tunnus` int(11) NOT NULL AUTO_INCREMENT, AUTO_INCREMENT=11;

--
-- Constraints for dumped tables
--

--
-- Constraints for table `kurssikirjautuminen`
--
ALTER TABLE `kurssikirjautuminen`
  ADD CONSTRAINT `fk_kurssi` FOREIGN KEY (`Kurssi`) REFERENCES `kurssit` (`Tunnus`),
  ADD CONSTRAINT `fk_opiskelija` FOREIGN KEY (`Opiskelija`) REFERENCES `opiskelijat` (`Opiskelijanumero`);

--
-- Constraints for table `kurssit`
--
ALTER TABLE `kurssit`
  ADD CONSTRAINT `fk_opettaja` FOREIGN KEY (`Opettaja`) REFERENCES `opettajat` (`Tunnusnumero`),
  ADD CONSTRAINT `fk_tila` FOREIGN KEY (`Tila`) REFERENCES `tilat` (`Tunnus`);
COMMIT;

/*!40101 SET CHARACTER_SET_CLIENT=@OLD_CHARACTER_SET_CLIENT */;
/*!40101 SET CHARACTER_SET_RESULTS=@OLD_CHARACTER_SET_RESULTS */;
/*!40101 SET COLLATION_CONNECTION=@OLD_COLLATION_CONNECTION */;
